id,vehicle_code,driver_name,latitude,longitude,cash_capacity,current_cash,insurance_limit,status,current_route_id
1,VAN-01,Rajesh Kumar (Sr. CIT Commander),16.308699999999998,80.4375,100000.0,75000.0,150000.0,AVAILABLE,
2,VAN-02,Suresh Rao (CIT Officer),16.3097,80.4345,120000.0,90000.0,180000.0,AVAILABLE,
3,VAN-03,Venkat Reddy (Logistics Lead),16.3047,80.4395,100000.0,60000.0,150000.0,AVAILABLE,
4,VAN-04,Mohammed Ali (Security Escort),16.302699999999998,80.4345,150000.0,110000.0,200000.0,AVAILABLE,
5,VAN-05,Kishore Babu (CIT Driver),16.3117,80.4405,100000.0,70000.0,150000.0,AVAILABLE,
6,VAN-06,Prasad Naidu (Operations),16.3077,80.4315,120000.0,85000.0,180000.0,AVAILABLE,
7,VAN-07,Anand Verma (Transit Specialist),16.3037,80.44149999999999,100000.0,65000.0,150000.0,AVAILABLE,
8,VAN-08,Chaitanya K. (Heavy Armored Unit),16.3127,80.4335,150000.0,120000.0,200000.0,AVAILABLE,
9,VAN-09,Ravi Shankar (In Maintenance Bay),16.3147,80.44449999999999,100000.0,0.0,150000.0,MAINTENANCE,
10,VAN-10,Sunil Joshi (Scheduled Inspection),16.2987,80.4285,120000.0,0.0,180000.0,UNAVAILABLE,
